disease_id,disease_name
EFO_0000094,B-cell acute lymphoblastic leukemia
EFO_0000095,chronic lymphocytic leukemia
EFO_0000096,neoplasm of mature B-cells
EFO_0000178,gastric carcinoma
EFO_0000180,HIV-1 infection
EFO_0000181,head and neck squamous cell carcinoma
EFO_0000182,hepatocellular carcinoma
EFO_0000183,Hodgkins lymphoma
EFO_0000186,invasive breast ductal carcinoma
EFO_0000191,MALT lymphoma
EFO_0000195,metabolic syndrome
EFO_0000196,metastatic prostate cancer
EFO_0000198,myelodysplastic syndrome
EFO_0000199,oral squamous cell carcinoma
EFO_0000220,acute lymphoblastic leukemia
EFO_0000222,acute myeloid leukemia
EFO_0000224,acute promyelocytic leukemia
EFO_0000228,adenocarcinoma
EFO_0000231,adenoid cystic carcinoma
EFO_0000239,adrenal gland pheochromocytoma
EFO_0000266,aortic stenosis
EFO_0000272,astrocytoma
EFO_0000274,atopic eczema
EFO_0000275,atrial fibrillation
EFO_0000278,pancreatitis
EFO_0000279,azoospermia
EFO_0000280,Barrett's esophagus
EFO_0000294,bladder tumor
EFO_0000304,breast adenocarcinoma
EFO_0000305,breast carcinoma
EFO_0000309,Burkitts lymphoma
EFO_0000313,carcinoma
EFO_0000318,cardiomyopathy
EFO_0000319,cardiovascular disease
EFO_0000330,childhood acute myeloid leukemia
EFO_0000335,chromophobe renal cell carcinoma
EFO_0000339,chronic myelogenous leukemia
EFO_0000341,chronic obstructive pulmonary disease
EFO_0000349,clear cell renal carcinoma
EFO_0000365,colorectal adenocarcinoma
EFO_0000384,Crohn's disease
EFO_0000389,cutaneous melanoma
EFO_0000400,diabetes mellitus
EFO_0000401,diabetic nephropathy
EFO_0000403,diffuse large B-cell lymphoma
EFO_0000407,dilated cardiomyopathy
EFO_0000437,embryonal rhabdomyosarcoma
EFO_0000464,emphysema
EFO_0000474,epilepsy
EFO_0000478,esophageal adenocarcinoma
EFO_0000479,essential thrombocythemia
EFO_0000495,fetal growth restriction
EFO_0000503,gastric adenocarcinoma
EFO_0000508,genetic disorder
EFO_0000514,germ cell tumor
EFO_0000519,glioblastoma multiforme
EFO_0000537,hypertension
EFO_0000538,hypertrophic cardiomyopathy
EFO_0000540,immune system disease
EFO_0000544,infection
EFO_0000545,infertility
EFO_0000546,injury
EFO_0000549,insulinoma
EFO_0000558,Kaposi's sarcoma
EFO_0000564,leiomyosarcoma
EFO_0000565,leukemia
EFO_0000569,liposarcoma
EFO_0000571,lung adenocarcinoma
EFO_0000574,lymphoma
EFO_0000588,mesothelioma
EFO_0000589,metabolic disease
EFO_0000612,myocardial infarction
EFO_0000616,neoplasm
EFO_0000621,neuroblastoma
EFO_0000630,oligoastrocytoma
EFO_0000637,osteosarcoma
EFO_0000640,papillary renal cell carcinoma
EFO_0000641,papillary thyroid carcinoma
EFO_0000649,periodontitis
EFO_0000660,polycystic ovary syndrome
EFO_0000666,portal hypertension
EFO_0000668,preeclampsia
EFO_0000673,prostate adenocarcinoma
EFO_0000676,psoriasis
EFO_0000677,mental or behavioural disorder
EFO_0000681,renal cell carcinoma
EFO_0000684,respiratory system disease
EFO_0000685,rheumatoid arthritis
EFO_0000691,sarcoma
EFO_0000701,skin disease
EFO_0000702,small cell lung carcinoma
EFO_0000707,squamous cell carcinoma
EFO_0000708,squamous cell lung carcinoma
EFO_0000712,stroke
EFO_0000717,systemic scleroderma
EFO_0000729,ulcerative colitis
EFO_0000731,uterine fibroid
EFO_0000756,melanoma
EFO_0000760,malignant peripheral nerve sheath tumor
EFO_0000762,hepatocellular adenoma
EFO_0000763,viral disease
EFO_0000764,HIV infection
EFO_0000768,idiopathic pulmonary fibrosis
EFO_0001054,leprosy
EFO_0001060,celiac disease
EFO_0001061,cervical carcinoma
EFO_0001063,deafness
EFO_0001065,endometriosis
EFO_0001066,experimental autoimmune encephalomyelitis
EFO_0001068,malaria
EFO_0001071,lung carcinoma
EFO_0001072,memory impairment
EFO_0001073,obesity
EFO_0001074,morbid obesity
EFO_0001075,ovarian carcinoma
EFO_0001357,sporadic amyotrophic lateral sclerosis
EFO_0001358,post-traumatic stress disorder
EFO_0001361,pulmonary arterial hypertension
EFO_0001365,age-related macular degeneration
EFO_0001376,synovial sarcoma
EFO_0001378,multiple myeloma
EFO_0001421,liver disease
EFO_0001642,lymphoid neoplasm
EFO_0001645,coronary artery disease
EFO_0001663,prostate carcinoma
EFO_0001666,aortic aneurysm
EFO_0002427,myeloid neoplasm
EFO_0002429,polycythemia vera
EFO_0002496,actinic keratosis
EFO_0002499,anaplastic astrocytoma
EFO_0002501,anaplastic oligodendroglioma
EFO_0002571,medical procedure
EFO_0002609,juvenile idiopathic arthritis
EFO_0002617,metastatic melanoma
EFO_0002618,pancreatic carcinoma
EFO_0002687,ischemia reperfusion injury
EFO_0002890,renal carcinoma
EFO_0002892,thyroid carcinoma
EFO_0002916,esophageal carcinoma
EFO_0002917,ovarian serous adenocarcinoma
EFO_0002918,rhabdomyosarcoma
EFO_0002939,medulloblastoma
EFO_0002950,pregnancy
EFO_0002970,muscular disease
EFO_0003014,breast fibrocystic disease
EFO_0003032,anaplastic large cell lymphoma
EFO_0003047,hepatitis C virus infection
EFO_0003050,large cell lung carcinoma
EFO_0003060,non-small cell lung carcinoma
EFO_0003085,dedifferentiated liposarcoma
EFO_0003086,kidney disease
EFO_0003094,ganglioglioma
EFO_0003095,non-alcoholic fatty liver disease
EFO_0003096,Pick disease
EFO_0003097,empyema
EFO_0003105,spina bifida
EFO_0003106,pneumonia
EFO_0003108,essential tremor
EFO_0003144,heart failure
EFO_0003756,autism spectrum disorder
EFO_0003758,autism
EFO_0003767,inflammatory bowel disease
EFO_0003768,nicotine dependence
EFO_0003770,diabetic retinopathy
EFO_0003777,heart disease
EFO_0003778,psoriatic arthritis
EFO_0003779,Hashimoto's thyroiditis
EFO_0003780,Behcet's syndrome
EFO_0003827,pulmonary embolism
EFO_0003833,brain neoplasm
EFO_0003834,cutaneous lupus erythematosus
EFO_0003839,retinopathy
EFO_0003841,thyroid neoplasm
EFO_0003844,ureteral neoplasm
EFO_0003852,developmental disability
EFO_0003854,postmenopausal osteoporosis
EFO_0003863,urogenital neoplasm
EFO_0003865,kidney neoplasm
EFO_0003869,breast neoplasm
EFO_0003872,colitis
EFO_0003875,peripheral vascular disease
EFO_0003877,sleep apnea
EFO_0003882,osteoporosis
EFO_0003884,chronic kidney disease
EFO_0003888,attention deficit hyperactivity disorder
EFO_0003889,functional laterality
EFO_0003890,drug dependence
EFO_0003893,ovarian neoplasm
EFO_0003894,acne
EFO_0003898,ankylosing spondylitis
EFO_0003907,deep vein thrombosis
EFO_0003911,atrial flutter
EFO_0003913,angina pectoris
EFO_0003914,atherosclerosis
EFO_0003924,hair color
EFO_0003931,bone fracture
EFO_0003956,seasonal allergic rhinitis
EFO_0003959,cleft lip
EFO_0003966,eye disease
EFO_0003968,angiosarcoma
EFO_0004125,growth hormone-secreting pituitary adenoma
EFO_0004138,bundle branch block
EFO_0004142,colorectal neoplasm
EFO_0004145,myopathy
EFO_0004149,neuropathy
EFO_0004152,chorea
EFO_0004190,open-angle glaucoma
EFO_0004191,androgenetic alopecia
EFO_0004193,basal cell carcinoma
EFO_0004194,IGA glomerulonephritis
EFO_0004197,hepatitis B virus infection
EFO_0004198,skin neoplasm
EFO_0004208,Vitiligo
EFO_0004209,hypospadias
EFO_0004210,gallstones
EFO_0004220,chronic hepatitis C virus infection
EFO_0004229,Dupuytren Contracture
EFO_0004235,exfoliation syndrome
EFO_0004238,hearing loss
EFO_0004239,chronic hepatitis B virus infection
EFO_0004242,obsessive-compulsive disorder
EFO_0004244,interstitial lung disease
EFO_0004251,myeloproliferative disorder
EFO_0004252,nasopharyngeal neoplasm
EFO_0004253,nephrolithiasis
EFO_0004257,neurotic disorder
EFO_0004260,bone disease
EFO_0004261,osteitis deformans
EFO_0004263,partial epilepsy
EFO_0004264,vascular disease
EFO_0004268,sclerosing cholangitis
EFO_0004269,cardiac arrhythmia
EFO_0004270,restless legs syndrome
EFO_0004274,gout
EFO_0004278,sudden cardiac arrest
EFO_0004282,thoracic aortic aneurysm
EFO_0004286,venous thromboembolism
EFO_0004288,colonic neoplasm
EFO_0004289,lymphoid leukemia
EFO_0004298,cardiovascular measurement
EFO_0004302,anthropometric measurement
EFO_0004305,erythrocyte count
EFO_0004309,platelet count
EFO_0004312,vital capacity
EFO_0004314,forced expiratory volume
EFO_0004319,smoking cessation
EFO_0004324,body weights and measures
EFO_0004327,electrocardiography
EFO_0004329,alcohol drinking
EFO_0004337,intelligence
EFO_0004338,body weight
EFO_0004340,body mass index
EFO_0004341,body fat distribution
EFO_0004343,waist-hip ratio
EFO_0004344,birth weight
EFO_0004346,neuroimaging measurement
EFO_0004348,hematocrit
EFO_0004458,C-reactive protein measurement
EFO_0004468,glucose measurement
EFO_0004503,hematological measurement
EFO_0004509,hemoglobin measurement
EFO_0004514,bone quantitative ultrasound measurement
EFO_0004517,arterial stiffness measurement
EFO_0004520,ICAM-1 measurement
EFO_0004527,mean corpuscular hemoglobin
EFO_0004528,mean corpuscular hemoglobin concentration
EFO_0004529,lipid measurement
EFO_0004530,triglyceride measurement
EFO_0004531,urate measurement
EFO_0004532,serum gamma-glutamyl transferase measurement
EFO_0004533,alkaline phosphatase measurement
EFO_0004536,total blood protein measurement
EFO_0004541,HbA1c measurement
EFO_0004555,glycoprotein measurement
EFO_0004570,bilirubin measurement
EFO_0004574,total cholesterol measurement
EFO_0004587,lymphocyte count
EFO_0004593,gestational diabetes
EFO_0004610,acute lung injury
EFO_0004611,low density lipoprotein cholesterol measurement
EFO_0004612,high density lipoprotein cholesterol measurement
EFO_0004614,apolipoprotein A 1 measurement
EFO_0004615,apolipoprotein B measurement
EFO_0004616,"osteoarthritis, knee"
EFO_0004617,cystatin C measurement
EFO_0004627,IGF-1 measurement
EFO_0004641,white matter integrity
EFO_0004682,QT interval
EFO_0004685,hip geometry
EFO_0004694,factor XI measurement
EFO_0004695,intraocular pressure measurement
EFO_0004696,sex hormone-binding globulin measurement
EFO_0004698,insomnia
EFO_0004703,age at menarche
EFO_0004705,hypothyroidism
EFO_0004713,FEV/FVC ratio
EFO_0004714,sexual dysfunction
EFO_0004725,metabolite measurement
EFO_0004731,eye measurement
EFO_0004736,aspartate aminotransferase measurement
EFO_0004747,protein measurement
EFO_0004761,uric acid measurement
EFO_0004784,self reported educational attainment
EFO_0004799,cholelithiasis
EFO_0004812,interleukin-1 beta measurement
EFO_0004833,neutrophil count
EFO_0004838,calcium measurement
EFO_0004840,cortical thickness
EFO_0004842,eosinophil count
EFO_0004869,YKL40 measurement
EFO_0004875,mathematical ability
EFO_0004888,post operative nausea and vomiting
EFO_0004895,Tourette syndrome
EFO_0004908,testosterone measurement
EFO_0004911,familial hypercholesterolemia
EFO_0004980,appendicular lean mass
EFO_0004983,complement C3 measurement
EFO_0004991,Myasthenia gravis
EFO_0004995,lean body mass
EFO_0004999,N-glycan measurement
EFO_0005001,phenylalanine measurement
EFO_0005046,cutaneous Leishmaniasis
EFO_0005058,tyrosine measurement
EFO_0005088,testicular carcinoma
EFO_0005090,basophil count
EFO_0005091,monocyte count
EFO_0005106,body composition measurement
EFO_0005116,urinary metabolite measurement
EFO_0005128,albumin:globulin ratio measurement
EFO_0005134,amino acid measurement
EFO_0005140,autoimmune disease
EFO_0005193,serum IgG glycosylation measurement
EFO_0005203,eating disorder
EFO_0005207,congenital heart disease
EFO_0005213,central corneal thickness
EFO_0005221,cholangiocarcinoma
EFO_0005232,endometrium adenocarcinoma
EFO_0005288,non-small cell lung adenocarcinoma
EFO_0005306,ventricular tachycardia
EFO_0005318,axial length measurement
EFO_0005537,triple-negative breast cancer
EFO_0005541,bone development disease
EFO_0005543,glioma
EFO_0005545,congenital disorder of glycosylation type I
EFO_0005547,dengue disease
EFO_0005558,hemolytic anemia
EFO_0005584,seborrheic keratosis
EFO_0005611,opioid dependence
EFO_0005631,rectal adenocarcinoma
EFO_0005654,velocity of sound measurement
EFO_0005663,urinary uromodulin measurement
EFO_0005665,white matter hyperintensity measurement
EFO_0005670,smoking initiation
EFO_0005672,acute coronary syndrome
EFO_0005674,white matter microstructure measurement
EFO_0005677,puberty onset measurement
EFO_0005680,omega-6 polyunsaturated fatty acid measurement
EFO_0005687,fibromyalgia
EFO_0005689,non-high density lipoprotein cholesterol measurement
EFO_0005708,renal cell adenocarcinoma
EFO_0005741,infectious disease
EFO_0005751,eye allergy
EFO_0005763,pulse pressure measurement
EFO_0005772,neurodegenerative disease
EFO_0005773,retinal detachment
EFO_0005800,substance withdrawal syndrome
EFO_0005804,polycythemia
EFO_0005854,allergic rhinitis
EFO_0005856,arthritis
EFO_0005922,esophageal squamous cell carcinoma
EFO_0005950,head and neck neoplasia
EFO_0005952,non-Hodgkins lymphoma
EFO_0006318,breast ductal adenocarcinoma
EFO_0006333,transferrin saturation measurement
EFO_0006335,systolic blood pressure
EFO_0006336,diastolic blood pressure
EFO_0006340,mean arterial pressure
EFO_0006352,laryngeal squamous cell carcinoma
EFO_0006460,ovarian adenocarcinoma
EFO_0006525,cigarettes per day measurement
EFO_0006527,smoking status measurement
EFO_0006544,bladder transitional cell carcinoma
EFO_0006781,coffee consumption measurement
EFO_0006788,anxiety disorder
EFO_0006807,linoleic acid measurement
EFO_0006834,septic shock
EFO_0006859,head and neck malignant neoplasia
EFO_0006864,breastfeeding duration
EFO_0006925,lipoprotein A measurement
EFO_0006939,cup-to-disc ratio measurement
EFO_0006941,grip strength measurement
EFO_0006945,diastolic blood pressure change measurement
EFO_0006948,white wine liking measurement
EFO_0007010,drug use measurement
EFO_0007160,autoimmune thrombocytopenic purpura
EFO_0007214,common cold
EFO_0007319,hyperprolactinemia
EFO_0007347,listeriosis
EFO_0007352,lymphatic system disease
EFO_0007412,ossifying fibroma
EFO_0007425,peanut allergic reaction
EFO_0007453,postpartum depression
EFO_0007486,sinusitis
EFO_0007512,tinea pedis
EFO_0007585,Cannabis use
EFO_0007701,spine bone mineral density
EFO_0007745,lactate measurement
EFO_0007761,docosahexaenoic acid measurement
EFO_0007777,base metabolic rate measurement
EFO_0007780,periodontal measurement
EFO_0007785,femoral neck bone mineral density
EFO_0007787,plasma betaine measurement
EFO_0007788,BMI-adjusted waist-hip ratio
EFO_0007789,BMI-adjusted waist circumference
EFO_0007796,parental longevity
EFO_0007800,body fat percentage
EFO_0007803,emotional symptom measurement
EFO_0007805,HDL cholesterol change measurement
EFO_0007814,refractive error measurement
EFO_0007825,balding measurement
EFO_0007837,anti-citrullinated protein antibody seropositivity
EFO_0007865,loneliness measurement
EFO_0007869,wellbeing measurement
EFO_0007874,gut microbiome measurement
EFO_0007924,tonsillectomy risk measurement
EFO_0007934,creatinine clearance measurement
EFO_0007939,respiratory symptom measurement
EFO_0007944,allergen exposure measurement
EFO_0007984,platelet component distribution width
EFO_0007985,platelet crit
EFO_0007986,reticulocyte count
EFO_0007989,monocyte percentage of leukocytes
EFO_0007990,neutrophil percentage of leukocytes
EFO_0007991,eosinophil percentage of leukocytes
EFO_0007992,basophil percentage of leukocytes
EFO_0007993,lymphocyte percentage of leukocytes
EFO_0007996,eosinophil percentage of granulocytes
EFO_0008002,physical activity measurement
EFO_0008039,BMI-adjusted hip circumference
EFO_0008098,complement factor H-related protein 5 measurement
EFO_0008111,diet measurement
EFO_0008266,plexin-C1 measurement
EFO_0008328,chronotype measurement
EFO_0008341,snoring measurement
EFO_0008354,cognitive function measurement
EFO_0008360,environmental exposure measurement
EFO_0008381,total cortical area measurement
EFO_0008393,reaction time measurement
EFO_0008526,status epilepticus
EFO_0008528,urothelial carcinoma
EFO_0008533,dyspepsia
EFO_0008560,female infertility
EFO_0008561,diaphragmatic hernia
EFO_0008572,malnutrition
EFO_0008579,risk-taking behaviour
EFO_0008583,acute myocardial infarction
EFO_0008589,esterified cholesterol measurement
EFO_0008591,free cholesterol measurement
EFO_0008595,intermediate density lipoprotein measurement
EFO_0008615,cystic kidney disease
EFO_0008620,Polycystic Kidney Disease
EFO_0009021,Bardet-Biedl syndrome 1
EFO_0009048,Intrahepatic cholestasis of pregnancy
EFO_0009050,Macrocephaly-intellectual disability-neurodevelopmental disorder-small thorax syndrome
EFO_0009101,age at first birth measurement
EFO_0009118,female reproductive endometrioid cancer
EFO_0009188,Red cell distribution width
EFO_0009189,hyperthyroidism
EFO_0009190,Thyrotoxicosis
EFO_0009202,Reticulocyte Mean Corpuscular Hemoglobin Measurement
EFO_0009267,delirium
EFO_0009268,family history of Alzheimer’s disease
EFO_0009270,heel bone mineral density
EFO_0009282,sodium measurement
EFO_0009283,potassium measurement
EFO_0009315,thrombophilia
EFO_0009454,gastric ulcer
EFO_0009464,corneal disease
EFO_0009469,Bartholin gland disease
EFO_0009483,breast disease
EFO_0009492,cardiac arrest
EFO_0009493,paroxysmal tachycardia
EFO_0009531,aortic valve disease
EFO_0009552,hemorrhoid
EFO_0009562,polyneuropathy
EFO_0009579,postpartum hemorrhage
EFO_0009589,worry measurement
EFO_0009592,social interaction measurement
EFO_0009595,guilt measurement
EFO_0009597,feeling nervous measurement
EFO_0009601,testicular disease
EFO_0009675,melanocytic nevus
EFO_0009708,metastasis
EFO_0009717,bilateral oophorectomy
EFO_0009718,peak expiratory flow
EFO_0009719,artificial cardiac pacemaker
EFO_0009749,age at first sexual intercourse measurement
EFO_0009765,alanine measurement
EFO_0009767,glycine measurement
EFO_0009768,glutamine measurement
EFO_0009769,histidine measurement
EFO_0009770,leucine measurement
EFO_0009792,valine measurement
EFO_0009793,isoleucine measurement
EFO_0009805,whole body water mass
EFO_0009806,total hip arthroplasty
EFO_0009924,Drugs used in diabetes use measurement
EFO_0009927,Antihypertensive use measurement
EFO_0009931,Agents acting on the renin-angiotensin system use measurement
EFO_0009946,low density lipoprotein triglyceride measurement
EFO_0009959,diverticular disease
EFO_0010066,corneal hysteresis
EFO_0010067,corneal resistance factor
EFO_0010078,dentures
EFO_0010114,citrate measurement
EFO_0010116,choline measurement
EFO_0010117,pyruvate measurement
EFO_0010118,sphingomyelin measurement
EFO_0010119,omega-3 polyunsaturated fatty acid measurement
EFO_0010134,kidney transplant
EFO_0010139,fish consumption measurement
EFO_0010155,taste liking measurement
EFO_0010270,Menstrual disorder
EFO_0010346,cholesteryl ester 18:3 measurement
EFO_0010349,cholesteryl ester 20:5 measurement
EFO_0010351,cholesteryl ester measurement
EFO_0010386,phosphatidylcholine 38:4 measurement
EFO_0010411,triacylglycerol 50:4 measurement
EFO_0010430,triacylglycerol 56:3 measurement
EFO_0010431,triacylglycerol 56:4 measurement
EFO_0010488,glycerol-3-phosphate measurement
EFO_0010554,retinal vasculature measurement
EFO_0010567,"spastic tetraplegia and axial hypotonia, progressive"
EFO_0010573,kallikrein-11 measurement
EFO_0010593,cystatin B measurement
EFO_0010610,tumor necrosis factor receptor superfamily member 6 measurement
EFO_0010639,pain measurement
EFO_0010642,Neurodevelopmental disorder
EFO_0010653,"intellectual developmental disorder with speech delay, autism and dysmorphic facies"
EFO_0010660,neurodevelopmental disorder with macrocephaly and with or without seizures
EFO_0010682,liver transplant
EFO_0010701,mean reticulocyte volume
EFO_0010702,opioid use disorder
EFO_0010724,lifestyle measurement
EFO_0010732,omega-6:omega-3 polyunsaturated fatty acid ratio
EFO_0010733,polyunsaturated fatty acid measurement
EFO_0010815,remnant cholesterol measurement
EFO_0010922,P-selectin glycoprotein ligand 1 measurement
EFO_0010934,aspartate aminotransferase to alanine aminotransferase ratio
EFO_0010968,phosphate measurement
EFO_0010972,blood phosphate measurement
EFO_0010982,3-hydroxybutyrate measurement
EFO_0010989,acetone measurement
EFO_0011005,urea measurement
EFO_0011011,sitting height measurement
EFO_0011015,educational attainment
EFO_0020020,succinylcarnitine measurement
EFO_0020044,eicosanoids measurement
EFO_0020062,diacylglycerol 36:3 measurement
EFO_0020094,Lambert-Eaton myasthenic syndrome
EFO_0020095,trochanter bone mineral density
EFO_0020097,QRS-T angle
EFO_0020230,carbonic anhydrase 4 measurement
EFO_0020523,kremen protein 2 measurement
EFO_0020833,tyrosine-protein kinase ZAP-70 measurement
EFO_0020865,aortic measurement
EFO_0020942,propionylcarnitine measurement
EFO_0020943,cholesterol:total lipids ratio
EFO_0020944,cholesteryl esters:total lipids ratio
EFO_0020945,free cholesterol:total lipids ratio
EFO_0020946,phospholipids:total lipids ratio
EFO_0020947,triglycerides:total lipids ratio
EFO_0021030,arabinose measurement
EFO_0021040,hexanoylcarnitine measurement
EFO_0021042,octanoylcarnitine measurement
EFO_0021043,oleoylcarnitine measurement
EFO_0021114,"4-androsten-3beta,17beta-diol disulfate 2 measurement"
EFO_0021127,aspartylphenylalanine measurement
EFO_0021283,X-12063 measurement
EFO_0021440,cholesteryl ester 20:2 measurement
EFO_0021441,cholesteryl ester 22:0 measurement
EFO_0021449,cholesteryl ester 24:6 measurement
EFO_0021459,lysophosphatidylcholine 22:0 measurement
EFO_0021543,1-Methylhistidine measurement
EFO_0021796,sexual dimorphism measurement
EFO_0021849,protein Z-dependent protease inhibitor measurement
EFO_0021854,apolipoprotein L1 measurement
EFO_0021886,e3 ubiquitin-protein ligase RNF43 measurement
EFO_0021897,apolipoprotein B to apolipoprotein A1 ratio 
EFO_0021898,cholesterol in chylomicrons and extremely large VLDL measurement 
EFO_0021900,cholesterol in large HDL measurement 
EFO_0021901,cholesterol in large LDL measurement 
EFO_0021902,cholesterol in large VLDL measurement 
EFO_0021903,cholesterol in medium HDL measurement 
EFO_0021998,bcl2-associated agonist of cell death measurement
EFO_0022039,ultraviolet radiation exposure measurement
EFO_0022046,sulcal opening distance
EFO_0022110,"Sphingomyelin (d18:1/20:1, d18:2/20:0) measurement"
EFO_0022144,triglycerides in very small VLDL measurement
EFO_0022145,triglycerides in small VLDL measurement
EFO_0022146,phospholipids in small VLDL measurement
EFO_0022147,concentration of small VLDL particles
EFO_0022148,total lipids in small VLDL
EFO_0022149,triglycerides in IDL measurement
EFO_0022151,concentration of very small VLDL particles
EFO_0022152,concentration of medium VLDL particles
EFO_0022153,total lipids in medium VLDL
EFO_0022154,phospholipids in medium VLDL measurement
EFO_0022155,triglycerides in medium VLDL measurement
EFO_0022156,total lipids in very small VLDL measurement
EFO_0022157,free cholesterol in large HDL measurement
EFO_0022158,triglycerides in small HDL measurement
EFO_0022160,concentration of large LDL particles measurement
EFO_0022163,total lipids in large LDL
EFO_0022164,phospholipids in IDL measurement
EFO_0022166,concentration of small LDL particles measurement
EFO_0022168,total lipids in small LDL
EFO_0022169,phospholipids in large VLDL measurement
EFO_0022172,concentration of medium LDL particles measurement
EFO_0022173,concentration of large VLDL particles measurement
EFO_0022174,phospholipids in large LDL measurement
EFO_0022175,total lipids in large VLDL
EFO_0022176,free cholesterol in large LDL measurement
EFO_0022178,triglycerides in large VLDL measurement
EFO_0022180,total lipids in medium LDL
EFO_0022181,free cholesterol in IDL measurement
EFO_0022183,phospholipids in medium LDL measurement
EFO_0022187,"monounsaturated fatty acids; 16:1, 18:1 measurement"
EFO_0022188,concentration of large HDL particles measurement
EFO_0022189,total lipids in large HDL
EFO_0022190,phospholipids in large HDL measurement
EFO_0022206,blood N-acetylasparagine measurement
EFO_0022217,blood N-acetylcarnosine measurement
EFO_0022223,metabolite ratio
EFO_0022224,cholesterol in medium LDL measurement 
EFO_0022225,cholesterol in medium VLDL measurement 
EFO_0022226,cholesterol in small HDL measurement 
EFO_0022227,cholesterol in small LDL measurement 
EFO_0022228,cholesterol in small VLDL measurement 
EFO_0022229,cholesterol in very large HDL measurement 
EFO_0022230,cholesterol in very large VLDL measurement 
EFO_0022231,cholesterol in very small VLDL measurement 
EFO_0022232,cholesterol to total lipids in chylomicrons and extremely large VLDL percentage 
EFO_0022233,cholesterol to total lipids in IDL percentage 
EFO_0022234,cholesterol to total lipids in large HDL percentage 
EFO_0022235,cholesterol to total lipids in large LDL percentage 
EFO_0022236,cholesterol to total lipids in large VLDL percentage 
EFO_0022237,cholesterol to total lipids in medium HDL percentage 
EFO_0022238,cholesterol to total lipids in medium LDL percentage 
EFO_0022239,cholesterol to total lipids in medium VLDL percentage 
EFO_0022240,cholesterol to total lipids in small HDL percentage 
EFO_0022241,cholesterol to total lipids in small LDL percentage 
EFO_0022242,cholesterol to total lipids in small VLDL percentage 
EFO_0022243,cholesterol to total lipids in very large HDL percentage 
EFO_0022244,cholesterol to total lipids in very large VLDL percentage 
EFO_0022245,cholesterol to total lipids in very small VLDL percentage 
EFO_0022246,cholesteryl esters to total lipids in chylomicrons and extremely large VLDL percentage 
EFO_0022247,cholesteryl esters to total lipids in IDL percentage 
EFO_0022248,cholesteryl esters to total lipids in large HDL percentage 
EFO_0022249,cholesteryl esters to total lipids in large LDL percentage 
EFO_0022250,cholesteryl esters to total lipids in large VLDL percentage 
EFO_0022251,cholesteryl esters to total lipids in medium HDL percentage 
EFO_0022252,cholesteryl esters to total lipids in medium LDL percentage 
EFO_0022253,cholesteryl esters to total lipids in medium VLDL percentage 
EFO_0022254,cholesteryl esters to total lipids in small HDL percentage 
EFO_0022255,cholesteryl esters to total lipids in small LDL percentage 
EFO_0022256,cholesteryl esters to total lipids in small VLDL percentage 
EFO_0022257,cholesteryl esters to total lipids in very large HDL percentage 
EFO_0022258,cholesteryl esters to total lipids in very large VLDL percentage 
EFO_0022259,cholesteryl esters to total lipids in very small VLDL percentage 
EFO_0022260,concentration of chylomicrons and extremely large VLDL particles measurement 
EFO_0022261,degree of unsaturation measurement 
EFO_0022262,docosahexaenoic acid to total fatty acids percentage 
EFO_0022263,free cholesterol in chylomicrons and extremely large VLDL measurement 
EFO_0022264,free cholesterol in HDL measurement 
EFO_0022265,free cholesterol in large VLDL measurement 
EFO_0022266,free cholesterol in LDL measurement 
EFO_0022267,free cholesterol in medium HDL measurement 
EFO_0022268,free cholesterol in medium LDL measurement 
EFO_0022270,free cholesterol in small HDL measurement 
EFO_0022271,free cholesterol in small LDL measurement 
EFO_0022272,free cholesterol in small VLDL measurement 
EFO_0022273,free cholesterol in very large HDL measurement 
EFO_0022274,free cholesterol in very large VLDL measurement 
EFO_0022275,free cholesterol in very small VLDL measurement 
EFO_0022276,free cholesterol in VLDL measurement 
EFO_0022277,free cholesterol to total lipids in chylomicrons and extremely large VLDL percentage 
EFO_0022278,free cholesterol to total lipids in IDL percentage 
EFO_0022279,free cholesterol to total lipids in large HDL percentage 
EFO_0022280,free cholesterol to total lipids in large LDL percentage 
EFO_0022281,free cholesterol to total lipids in large VLDL percentage 
EFO_0022282,free cholesterol to total lipids in medium HDL percentage 
EFO_0022283,free cholesterol to total lipids in medium LDL percentage 
EFO_0022284,free cholesterol to total lipids in medium VLDL percentage 
EFO_0022285,free cholesterol to total lipids in small HDL percentage 
EFO_0022286,free cholesterol to total lipids in small LDL percentage 
EFO_0022287,free cholesterol to total lipids in small VLDL percentage 
EFO_0022288,free cholesterol to total lipids in very large HDL percentage 
EFO_0022289,free cholesterol to total lipids in very large VLDL percentage 
EFO_0022290,free cholesterol to total lipids in very small VLDL percentage 
EFO_0022291,phosphoglycerides measurement 
EFO_0022292,phospholipids in chylomicrons and extremely large VLDL measurement 
EFO_0022293,phospholipids in HDL measurement 
EFO_0022294,phospholipids in LDL measurement 
EFO_0022295,phospholipids in medium HDL measurement 
EFO_0022296,phospholipids in small HDL measurement 
EFO_0022297,phospholipids in small LDL measurement 
EFO_0022298,phospholipids in very large HDL measurement 
EFO_0022299,phospholipids in very large VLDL measurement 
EFO_0022300,phospholipids in very small VLDL measurement 
EFO_0022301,phospholipids in VLDL measurement 
EFO_0022302,polyunsaturated fatty acids to monounsaturated fatty acids ratio 
EFO_0022303,polyunsaturated fatty acids to total fatty acids percentage 
EFO_0022304,saturated fatty acids measurement 
EFO_0022305,saturated fatty acids to total fatty acids percentage 
EFO_0022306,total lipids in chylomicrons and extremely large VLDL measurement 
EFO_0022307,total lipids in HDL measurement 
EFO_0022308,total lipids in LDL measurement 
EFO_0022309,total lipids in lipoprotein particles measurement 
EFO_0022310,total lipids in medium HDL measurement 
EFO_0022311,total lipids in small HDL measurement 
EFO_0022312,total lipids in very large HDL measurement 
EFO_0022313,total lipids in very large VLDL measurement 
EFO_0022314,total lipids in VLDL measurement 
EFO_0022315,total phospholipids in lipoprotein particles measurement 
EFO_0022316,triglycerides in chylomicrons and extremely large VLDL measurement 
EFO_0022317,triglycerides in HDL measurement 
EFO_0022318,triglycerides in large HDL measurement 
EFO_0022319,triglycerides in large LDL measurement 
EFO_0022320,triglycerides in LDL measurement 
EFO_0022321,triglycerides in medium HDL measurement 
EFO_0022322,triglycerides in medium LDL measurement 
EFO_0022323,triglycerides in small LDL measurement 
EFO_0022324,triglycerides in very large HDL measurement 
EFO_0022325,triglycerides in very large VLDL measurement 
EFO_0022326,triglycerides in VLDL measurement 
EFO_0022327,triglycerides to phosphoglycerides ratio 
EFO_0022328,triglycerides to total lipids in chylomicrons and extremely large VLDL percentage 
EFO_0022329,triglycerides to total lipids in IDL percentage 
EFO_0022330,triglycerides to total lipids in large HDL percentage 
EFO_0022331,triglycerides to total lipids in large LDL percentage 
EFO_0022332,triglycerides to total lipids in large VLDL percentage 
EFO_0022333,triglycerides to total lipids in medium HDL percentage 
EFO_0022334,triglycerides to total lipids in medium LDL percentage 
EFO_0022335,triglycerides to total lipids in medium VLDL percentage 
EFO_0022336,triglycerides to total lipids in small HDL percentage 
EFO_0022337,triglycerides to total lipids in small LDL percentage 
EFO_0022338,triglycerides to total lipids in small VLDL percentage 
EFO_0022339,triglycerides to total lipids in very large HDL percentage 
EFO_0022340,triglycerides to total lipids in very large VLDL percentage 
EFO_0022341,triglycerides to total lipids in very small VLDL percentage 
EFO_0022597,aging
EFO_0022842,mosaic loss of chromosome X measurement
EFO_0022911,hereditary cancer
EFO_0022954,chronic thromboembolic pulmonary hypertension
EFO_0022959,hand eczema
EFO_0022976,inherited bone marrow failure syndrome
EFO_0600064,serum lipopolysaccharide activity
EFO_0700036,familial isolated dilated cardiomyopathy
EFO_0700119,anophthalmia-microphthalmia syndrome
EFO_0800015,1-methyl-4-imidazoleacetate measurement
EFO_0800030,glutarylcarnitine (C5-DC) measurement
EFO_0800035,indoleacetylglutamine measurement
EFO_0800055,argininate measurement
EFO_0800115,picolinate measurement
EFO_0800189,"1,2-dipalmitoyl-GPC (16:0/16:0) measurement"
EFO_0800248,1-arachidonoyl-GPE (20:4n6) measurement
EFO_0800258,glycolithocholate sulfate measurement
EFO_0800260,2-arachidonoyl-GPE (20:4) measurement
EFO_0800285,"5alpha-pregnan-3beta,20alpha-diol monosulfate (2) measurement"
EFO_0800288,"5alpha-androstan-3alpha,17beta-diol monosulfate (1) measurement"
EFO_0800291,"5alpha-androstan-3beta,17beta-diol monosulfate (2) measurement"
EFO_0800293,"androstenediol (3alpha, 17alpha) monosulfate (3) measurement"
EFO_0800349,2-aminooctanoate measurement
EFO_0800353,1-eicosapentaenoyl-GPE (20:5) measurement
EFO_0800396,1-palmitoyl-2-stearoyl-GPC (16:0/18:0) measurement
EFO_0800402,1-stearoyl-2-linoleoyl-GPE (18:0/18:2) measurement
EFO_0800429,lactosyl-N-palmitoyl-sphingosine (d18:1/16:0) measurement
EFO_0800434,1-stearoyl-2-dihomo-linolenoyl-GPC (18:0/20:3n3 or 6) measurement
EFO_0800474,glycochenodeoxycholate glucuronide (1) measurement
EFO_0800494,pimeloylcarnitine/3-methyladipoylcarnitine (C7-DC) measurement
EFO_0800518,lactosyl-N-behenoyl-sphingosine (d18:1/22:0) measurement
EFO_0800538,linolenoylcarnitine (C18:3) measurement
EFO_0800541,lignoceroylcarnitine (C24) measurement
EFO_0800543,ximenoylcarnitine (C26:1) measurement
EFO_0800569,glyco-beta-muricholate measurement
EFO_0800573,11beta-hydroxyandrosterone glucuronide measurement
EFO_0800616,eicosapentaenoate (EPA; 20:5n3) measurement
EFO_0800635,2'-O-methylcytidine measurement
EFO_0800672,fibrinopeptide A measurement
EFO_0800698,X-11880 measurement
EFO_0800777,X-17357 measurement
EFO_0800793,X-18899 measurement
EFO_0801032,glucuronide of piperine metabolite C17H21NO3 (4) measurement
EFO_0801037,sulfate of piperine metabolite C18H21NO3 (3) measurement
EFO_0801261,phosphatidylcholine diacyl C36:5 measurement
EFO_0801266,phosphatidylcholine diacyl C38:4 measurement
EFO_0801267,phosphatidylcholine diacyl C38:5 measurement
EFO_0801298,phosphatidylcholine acyl-alkyl C38:4 measurement
EFO_0801555,E3 ubiquitin-protein ligase RNF128 measurement
EFO_0802260,alanine aminotransferase 1 measurement
EFO_0802288,armadillo repeat-containing protein 5 measurement
EFO_0803539,basophil measurement
EFO_0803540,eosinophil measurement
EFO_0803548,neutrophil measurement
EFO_0920021,cholesteryl esters in VLDL measurement
EFO_0920022,cholesteryl esters in HDL measurement
EFO_0920023,cholesteryl esters in LDL measurement
EFO_0920030,concentration of very large VLDL particles measurement
EFO_0920031,concentration of very large HDL particles measurement
EFO_0920032,concentration of medium HDL particles measurement
EFO_0920033,concentration of small HDL particles measurement
EFO_1000044,pancreatic adenocarcinoma
EFO_1000045,pancreatic neuroendocrine tumor
EFO_1000052,sex cord-stromal tumor
EFO_1000071,Adenoid Cystic Breast Carcinoma
EFO_1000098,Atypical Endometrial Hyperplasia
EFO_1000139,Borderline Ovarian Serous Tumor
EFO_1000156,Central Nervous System Anaplastic Large Cell Lymphoma
EFO_1000157,Central Nervous System Lymphoma
EFO_1000172,cervical squamous cell carcinoma
EFO_1000209,Craniopharyngioma
EFO_1000218,Digestive System Carcinoma
EFO_1000233,Endometrial Endometrioid Adenocarcinoma
EFO_1000237,Endometrial Polyp
EFO_1000262,Gallbladder Adenocarcinoma
EFO_1000292,Hepatoblastoma
EFO_1000318,Langerhans Cell Histiocytosis
EFO_1000355,Malignant Mesothelioma
EFO_1000359,Malignant Pancreatic Neoplasm
EFO_1000363,Malignant Urinary System Neoplasm
EFO_1000388,Myelodysplastic/Myeloproliferative Neoplasm
EFO_1000391,Nasal Cavity Polyp
EFO_1000416,Ovarian Endometrioid Adenocarcinoma
EFO_1000453,Paraganglioma
EFO_1000478,Pituitary Gland Adenoma
EFO_1000485,Pleural Mesothelioma
EFO_1000489,Poorly Differentiated Thyroid Gland Carcinoma
EFO_1000500,Psammomatous Meningioma
EFO_1000566,Testicular Germ Cell Tumor
EFO_1000576,Thymic Carcinoma
EFO_1000581,Thymoma
EFO_1000595,Thyroid Gland Undifferentiated (Anaplastic) Carcinoma
EFO_1000601,Transitional Cell Carcinoma
EFO_1000616,Uveal Melanoma
EFO_1000627,thyroid disease
EFO_1000637,acute respiratory distress syndrome
EFO_1000653,sarcopenia
EFO_1000657,rectum cancer
EFO_1000684,dermatitis herpetiformis
EFO_1000695,erythematosquamous dermatosis
EFO_1000753,phototoxic dermatitis
EFO_1000764,seborrheic dermatitis
EFO_1000781,overactive bladder
EFO_1000783,diabetic neuropathy
EFO_1000785,Sezary's disease
EFO_1000786,"osteoarthritis, hip"
EFO_1000796,adrenal cortex carcinoma
EFO_1000826,atrophic gastritis
EFO_1000855,central core myopathy
EFO_1000860,cerebral atherosclerosis
EFO_1000899,diastolic heart failure
EFO_1000906,dry eye syndrome
EFO_1000956,hairy cell leukemia
EFO_1000984,inflammatory breast carcinoma
EFO_1000985,intermediate coronary syndrome
EFO_1000999,joint disease
EFO_1001050,multiple system atrophy
EFO_1001051,mycosis fungoides
EFO_1001055,myxedema
EFO_1001065,normal pressure hydrocephalus
EFO_1001069,ocular hypertension
EFO_1001100,peritoneal neoplasm
EFO_1001121,prediabetes syndrome
EFO_1001155,retinal drusen
EFO_1001176,sensorineural hearing loss
EFO_1001219,trigeminal neuralgia
EFO_1001223,ulcerative proctosigmoiditis
EFO_1001228,ureterolithiasis
EFO_1001231,uveitis
EFO_1001249,non-alcoholic steatohepatitis
EFO_1001264,"Anemia, Hemolytic, Autoimmune"
EFO_1001345,"Hepatitis, Alcoholic"
EFO_1001375,Myocardial Ischemia
EFO_1001413,Respiratory Syncytial Virus Infection
EFO_1001450,Wolff-Parkinson-White Syndrome
EFO_1001451,X-Linked Combined Immunodeficiency Diseases
EFO_1001469,Mantle cell lymphoma
EFO_1001471,Merkel cell skin cancer
EFO_1001484,pain agnosia
EFO_1001485,acromegaly
EFO_1001486,primary biliary cirrhosis
EFO_1001492,atrophic macular degeneration
EFO_1001494,psoriasis vulgaris
EFO_1001496,Autosomal dominant polycystic kidney disease
EFO_1001502,rasopathy
EFO_1001512,endometrial carcinoma
EFO_1001515,ovarian endometrioid carcinoma
EFO_1001754,Abruptio Placentae
EFO_1001857,Takayasu arteritis
EFO_1001875,amyloidosis
EFO_1001892,generalized anxiety disorder
EFO_1001938,B-cell non-Hodgkins lymphoma
EFO_1001949,colon adenocarcinoma
EFO_1001950,colon carcinoma
EFO_1001951,colorectal carcinoma
EFO_1001968,soft tissue sarcoma
EFO_1001972,undifferentiated pleomorphic sarcoma
EFO_1001977,3MC syndrome 2
EFO_1001986,connective tissue disease
EFO_1002008,atypical teratoid rhabdoid tumor
EFO_1002011,adult onset asthma
EFO_1002017,differentiated thyroid carcinoma
EFO_1002029,chronic rhinosinusitis with nasal polyps
EFO_1002030,chronic rhinosinusitis without nasal polyps
EFO_1002048,kidney failure
GO_0030431,sleep
GO_0050896,response to stimulus
HP_0000023,Inguinal hernia
HP_0000098,Tall stature
HP_0000131,Uterine leiomyoma
HP_0000132,Menorrhagia
HP_0000155,Oral ulcer
HP_0000365,Hearing impairment
HP_0000407,Sensorineural hearing impairment
HP_0000519,Developmental cataract
HP_0000540,Hypermetropia
HP_0000556,Retinal dystrophy
HP_0000729,Autistic behavior
HP_0000737,Irritability
HP_0000739,Anxiety
HP_0000855,Insulin resistance
HP_0000924,Abnormality of the skeletal system
HP_0000938,Osteopenia
HP_0000964,Eczematoid dermatitis
HP_0001249,Intellectual disability
HP_0001250,Seizure
HP_0001258,Spastic paraplegia
HP_0001260,Dysarthria
HP_0001263,Global developmental delay
HP_0001321,Cerebellar hypoplasia
HP_0001332,Dystonia
HP_0001394,Cirrhosis
HP_0001397,Hepatic steatosis
HP_0001399,Hepatic failure
HP_0001626,Abnormality of the cardiovascular system
HP_0001627,Abnormal heart morphology
HP_0001642,Pulmonic stenosis
HP_0001657,Prolonged QT interval
HP_0001742,Nasal congestion
HP_0001822,Hallux valgus
HP_0001873,Thrombocytopenia
HP_0001891,Iron deficiency anemia
HP_0001892,Abnormal bleeding
HP_0001907,Thromboembolism
HP_0001945,Fever
HP_0002011,Morphological central nervous system abnormality
HP_0002014,Diarrhea
HP_0002015,Dysphagia
HP_0002017,Nausea and vomiting
HP_0002019,Constipation
HP_0002066,Gait ataxia
HP_0002069,Bilateral tonic-clonic seizure
HP_0002093,Respiratory insufficiency
HP_0002140,Ischemic stroke
HP_0002315,Headache
HP_0002373,Febrile seizure (within the age range of 3 months to 6 years)
HP_0002411,Myokymia
HP_0002619,Varicose veins
HP_0002721,Immunodeficiency
HP_0002904,Hyperbilirubinemia
HP_0003011,Abnormality of the musculature
HP_0003040,Arthropathy
HP_0003124,Hypercholesterolemia
HP_0003326,Myalgia
HP_0003418,Back pain
HP_0003752,Episodic flaccid weakness
HP_0004322,Short stature
HP_0004936,Venous thrombosis
HP_0005528,Bone marrow hypocellularity
HP_0006536,Airway obstruction
HP_0007957,Corneal opacity
HP_0009717,Cortical tubers
HP_0011451,Primary microcephaly
HP_0011675,Arrhythmia
HP_0012234,Absence of circulating granulocytes
HP_0012393,Allergy
HP_0012531,Pain
HP_0012532,Chronic pain
HP_0012735,Cough
HP_0012758,Neurodevelopmental delay
HP_0030051,Tip-toe gait
HP_0030242,Portal vein thrombosis
HP_0030828,Wheezing
HP_0030833,Neck pain
HP_0030839,Knee pain
HP_0032263,Increased blood pressure
HP_0100014,Epiretinal membrane
HP_0100543,Cognitive impairment
HP_0100806,Sepsis
MONDO_0000030,familial sleep-related hypermotor epilepsy
MONDO_0000138,metaphyseal chondrodysplasia
MONDO_0000160,"epilepsy, familial adult myoclonic"
MONDO_0000334,multinodular goiter
MONDO_0000376,respiratory system cancer
MONDO_0000430,mature T-cell and NK-cell non-Hodgkin lymphoma
MONDO_0000447,autosomal dominant polycystic liver disease
MONDO_0000465,atrioventricular block
MONDO_0000594,pervasive developmental disorder
MONDO_0000648,nervous system benign neoplasm
MONDO_0000732,combined oxidative phosphorylation deficiency
MONDO_0000820,cerebral cavernous malformation
MONDO_0000831,thrombotic disease
MONDO_0001056,gastric cancer
MONDO_0001134,essential hypertension
MONDO_0001149,microcephaly
MONDO_0001187,urinary bladder cancer
MONDO_0001256,arteriovenous hemangioma/malformation
MONDO_0001280,choroiditis
MONDO_0001302,hypertensive heart disease
MONDO_0001382,hepatorenal syndrome
MONDO_0001384,myopia
MONDO_0001475,neutropenia
MONDO_0001572,leiomyoma
MONDO_0001627,dementia
MONDO_0001658,nontoxic goiter
MONDO_0001734,tuberous sclerosis
MONDO_0002009,major depressive disorder
MONDO_0002025,psychiatric disorder
MONDO_0002038,head and neck carcinoma
MONDO_0002050,depressive disorder
MONDO_0002083,Richter syndrome
MONDO_0002108,thyroid cancer
MONDO_0002120,neuroendocrine carcinoma
MONDO_0002146,hypogonadism
MONDO_0002177,hyperinsulinism
MONDO_0002244,factor VII deficiency
MONDO_0002258,pharyngitis
MONDO_0002280,anemia
MONDO_0002367,kidney cancer
MONDO_0002406,dermatitis
MONDO_0002425,rectosigmoid junction cancer
MONDO_0002462,glomerulonephritis
MONDO_0002465,bronchiolitis
MONDO_0002470,photosensitive trichothiodystrophy
MONDO_0002492,acute kidney injury
MONDO_0002529,skin squamous cell carcinoma
MONDO_0002561,lysosomal storage disease
MONDO_0002691,liver cancer
MONDO_0002898,skin cancer
MONDO_0002974,cervical cancer
MONDO_0003019,potassium deficiency disease
MONDO_0003060,biliary tract cancer
MONDO_0003193,bile duct adenocarcinoma
MONDO_0003219,gastroesophageal junction adenocarcinoma
MONDO_0003441,dystonic disorder
MONDO_0003448,benign spiradenoma
MONDO_0003582,hereditary breast ovarian cancer syndrome
MONDO_0003608,optic atrophy
MONDO_0003689,familial hemolytic anemia
MONDO_0003916,overnutrition
MONDO_0003937,spondylitis
MONDO_0004247,peptic ulcer disease
MONDO_0004331,bladder urachal adenocarcinoma
MONDO_0004567,ileus
MONDO_0004580,retinal degeneration
MONDO_0004600,monocytic leukemia
MONDO_0004634,vein disorder
MONDO_0004643,myeloid leukemia
MONDO_0004675,mitochondrial encephalomyopathy
MONDO_0004975,Alzheimer disease
MONDO_0004976,amyotrophic lateral sclerosis
MONDO_0004979,asthma
MONDO_0004985,bipolar disorder
MONDO_0004986,urinary bladder carcinoma
MONDO_0004992,cancer
MONDO_0005041,glaucoma
MONDO_0005090,schizophrenia
MONDO_0005129,cataract
MONDO_0005147,type 1 diabetes mellitus
MONDO_0005148,type 2 diabetes mellitus
MONDO_0005149,pulmonary hypertension
MONDO_0005178,osteoarthritis
MONDO_0005180,Parkinson disease
MONDO_0005184,pancreatic ductal adenocarcinoma
MONDO_0005271,allergic disease
MONDO_0005277,migraine disorder
MONDO_0005301,multiple sclerosis
MONDO_0005341,skin basal cell carcinoma
MONDO_0005374,bone marrow neoplasm
MONDO_0005405,childhood onset asthma
MONDO_0005575,colorectal cancer
MONDO_0005835,Lynch syndrome
MONDO_0007034,Adams-Oliver syndrome
MONDO_0007037,achondroplasia
MONDO_0007079,alcohol dependence
MONDO_0007119,isolated aniridia
MONDO_0007142,Townes-Brocks syndrome
MONDO_0007232,autosomal dominant brachyolmia
MONDO_0007254,breast cancer
MONDO_0007363,congenital contractural arachnodactyly
MONDO_0007378,posterior polymorphous corneal dystrophy 1
MONDO_0007389,spondylocostal dysostosis 5
MONDO_0007442,dentinogenesis imperfecta type 3
MONDO_0007568,"aortic aneurysm, familial thoracic 4"
MONDO_0007576,esophageal cancer
MONDO_0007686,gray platelet syndrome
MONDO_0007763,nonpapillary renal cell carcinoma
MONDO_0007804,Pallister-Hall syndrome
MONDO_0007844,hypogonadotropic hypogonadism 2 with or without anosmia
MONDO_0007883,"periodic fever, immunodeficiency, and thrombocytopenia syndrome"
MONDO_0007915,systemic lupus erythematosus
MONDO_0007947,Marfan syndrome
MONDO_0007983,Schmid metaphyseal chondrodysplasia
MONDO_0008002,mirror movements 1
MONDO_0008021,Cowden syndrome 1
MONDO_0008047,episodic ataxia type 1
MONDO_0008053,"myopia 2, autosomal dominant"
MONDO_0008056,myotonic dystrophy type 1
MONDO_0008170,ovarian cancer
MONDO_0008199,late-onset Parkinson disease
MONDO_0008233,pheochromocytoma
MONDO_0008300,Prader-Willi syndrome
MONDO_0008315,prostate cancer
MONDO_0008380,retinoblastoma
MONDO_0008388,ringed hair disease
MONDO_0008394,Silver-Russell syndrome
MONDO_0008434,Smith-Magenis syndrome
MONDO_0008437,hereditary spastic paraplegia 3A
MONDO_0008438,hereditary spastic paraplegia 4
MONDO_0008621,uncombable hair syndrome
MONDO_0008627,ureter cancer
MONDO_0008728,classic congenital adrenal hyperplasia due to 21-hydroxylase deficiency
MONDO_0008729,congenital adrenal hyperplasia due to 11-beta-hydroxylase deficiency
MONDO_0008750,microcephaly-albinism-digital anomalies syndrome
MONDO_0008783,Tangier disease
MONDO_0008800,microphthalmia with limb anomalies
MONDO_0008853,Barber-Say syndrome
MONDO_0008891,riboflavin transporter deficiency
MONDO_0008903,lung cancer
MONDO_0008939,isolated cerebellar hypoplasia/agenesis
MONDO_0008947,bilateral striopallidodentate calcinosis
MONDO_0008953,peroxisome biogenesis disorder 1A (Zellweger)
MONDO_0008963,Chediak-Higashi syndrome
MONDO_0008965,CHARGE syndrome
MONDO_0008978,chordoma
MONDO_0009026,Costello syndrome
MONDO_0009044,Crigler-Najjar syndrome
MONDO_0009046,Fraser syndrome
MONDO_0009061,cystic fibrosis
MONDO_0009067,cystinuria
MONDO_0009076,autosomal recessive nonsyndromic hearing loss 1A
MONDO_0009214,Fanconi anemia complementation group D2
MONDO_0009226,fibrochondrogenesis 1
MONDO_0009299,46 XX gonadal dysgenesis
MONDO_0009354,methylcobalamin deficiency type cblE
MONDO_0009383,transient familial neonatal hyperbilirubinemia
MONDO_0009480,Joubert syndrome with oculorenal defect
MONDO_0009623,Nijmegen breakage syndrome
MONDO_0009685,Miyoshi myopathy
MONDO_0009703,myopathy with abnormal lipid metabolism
MONDO_0009717,Schwartz-Jampel syndrome
MONDO_0009723,Leigh syndrome
MONDO_0009742,neuroectodermal melanolysosomal disease
MONDO_0009824,primary hyperoxaluria type 2
MONDO_0009841,PEHO syndrome
MONDO_0009877,Laron syndrome
MONDO_0009979,reticular dystrophy of the retinal pigment epithelium
MONDO_0010056,"spinal muscular atrophy, type IV"
MONDO_0010132,familial thyroid dyshormonogenesis
MONDO_0010167,urocanic aciduria
MONDO_0010180,autosomal recessive spondylocostal dysostosis
MONDO_0010264,X-linked adrenal hypoplasia congenita
MONDO_0010338,X-linked distal spinal muscular atrophy type 3
MONDO_0010383,fragile X syndrome
MONDO_0010414,"myopathy, reducing body, X-linked, early-onset, severe"
MONDO_0010438,paroxysmal nocturnal hemoglobinuria 1
MONDO_0010465,Kabuki syndrome 2
MONDO_0010482,X-linked parkinsonism-spasticity syndrome
MONDO_0010526,Fabry disease
MONDO_0010535,Bazex-Dupre-Christol syndrome
MONDO_0010679,Duchenne muscular dystrophy
MONDO_0010698,optic atrophy 2
MONDO_0010726,Rett syndrome
MONDO_0010747,X-linked dystonia-parkinsonism
MONDO_0010787,Kearns-Sayre syndrome
MONDO_0010790,MERRF syndrome
MONDO_0010888,adenomyosis
MONDO_0010898,autosomal dominant epilepsy with auditory features
MONDO_0010952,hereditary hyperferritinemia with congenital cataracts
MONDO_0011051,"lethal short-limb skeletal dysplasia, Al Gazali type"
MONDO_0011060,early-onset non-syndromic cataract
MONDO_0011107,congenital hypotrichosis with juvenile macular dystrophy
MONDO_0011128,Sheldon-hall syndrome
MONDO_0011144,"ceroid lipofuscinosis, neuronal, 6A"
MONDO_0011151,exudative vitreoretinopathy 4
MONDO_0011198,"spondyloepimetaphyseal dysplasia, Missouri type"
MONDO_0011239,colobomatous macrophthalmia-microcornea syndrome
MONDO_0011273,H syndrome
MONDO_0011382,sickle cell disease
MONDO_0011484,catecholaminergic polymorphic ventricular tachycardia 1
MONDO_0011489,hereditary spastic paraplegia 12
MONDO_0011539,nemaline myopathy 5
MONDO_0011719,gastrointestinal stromal tumor
MONDO_0011789,familial meningioma
MONDO_0011835,"sensory ataxic neuropathy, dysarthria, and ophthalmoparesis"
MONDO_0011870,annular epidermolytic ichthyosis
MONDO_0011872,Griscelli syndrome type 2
MONDO_0012019,"spondyloepiphyseal dysplasia, Kimberley type"
MONDO_0012033,bradyopsia
MONDO_0012197,idiopathic aplastic anemia
MONDO_0012297,"spastic paraplegia, optic atropy, and neuropathy"
MONDO_0012648,isobutyryl-CoA dehydrogenase deficiency
MONDO_0012730,"aortic aneurysm, familial thoracic 6"
MONDO_0012775,thrombocytopenia 4
MONDO_0012825,extraskeletal myxoid chondrosarcoma
MONDO_0012871,Jervell and Lange-Nielsen syndrome 2
MONDO_0013062,long QT syndrome 12
MONDO_0013159,"muscular dystrophy-dystroglycanopathy (congenital with intellectual disability), type B1"
MONDO_0013168,dilated cardiomyopathy 1DD
MONDO_0013171,purine nucleoside phosphorylase deficiency
MONDO_0013316,occult macular dystrophy
MONDO_0013375,"Klippel-Feil syndrome 3, autosomal dominant"
MONDO_0013523,Nestor-Guillermo progeria syndrome
MONDO_0013545,"atrial fibrillation, familial, 12"
MONDO_0013563,multiple congenital anomalies-hypotonia-seizures syndrome 1
MONDO_0013578,DYRK1A-related intellectual disability syndrome
MONDO_0013648,familial progressive hyperpigmentation
MONDO_0013714,mannose-binding lectin deficiency
MONDO_0013730,graft versus host disease
MONDO_0013750,atrial septal defect 8
MONDO_0013859,cataract 38
MONDO_0013892,C3 glomerulonephritis
MONDO_0013900,alternating hemiplegia of childhood 2
MONDO_0013931,peroxisome biogenesis disorder 4B
MONDO_0014119,intellectual disability-strabismus syndrome
MONDO_0014252,familial hypobetalipoproteinemia 1
MONDO_0014336,intellectual disability-facial dysmorphism syndrome due to SETD5 haploinsufficiency
MONDO_0014375,congenital diarrhea 7 with exudative enteropathy
MONDO_0014381,"cholestasis, progressive familial intrahepatic, 4"
MONDO_0014405,STING-associated vasculopathy with onset in infancy
MONDO_0014441,Bardet-Biedl syndrome 13
MONDO_0014451,focal segmental glomerulosclerosis 7
MONDO_0014454,Hennekam lymphangiectasia-lymphedema syndrome 2
MONDO_0014504,Perrault syndrome 5
MONDO_0014518,platelet-type bleeding disorder 19
MONDO_0014527,progeroid features-hepatocellular carcinoma predisposition syndrome
MONDO_0014552,lethal fetal cerebrorenogenitourinary agenesis/hypoplasia syndrome
MONDO_0014628,"basal ganglia calcification, idiopathic, 6"
MONDO_0014704,skeletal overgrowth-craniofacial dysmorphism-hyperelastic skin-white matter lesions syndrome
MONDO_0014782,autosomal recessive limb-girdle muscular dystrophy type 2X
MONDO_0014817,"nephrotic syndrome, type 12"
MONDO_0014944,short stature-brachydactyly-obesity-global developmental delay syndrome
MONDO_0015131,combined immunodeficiency
MONDO_0015150,complex hereditary spastic paraplegia
MONDO_0015152,autosomal recessive limb-girdle muscular dystrophy
MONDO_0015168,arthrogryposis multiplex congenita
MONDO_0015193,hydrops fetalis
MONDO_0015229,Bardet-Biedl syndrome
MONDO_0015253,Diamond-Blackfan anemia
MONDO_0015263,Brugada syndrome
MONDO_0015277,medullary thyroid gland carcinoma
MONDO_0015278,familial pancreatic carcinoma
MONDO_0015356,hereditary neoplastic syndrome
MONDO_0015369,Joubert syndrome and related disorders
MONDO_0015452,Coffin-Siris syndrome
MONDO_0015459,nasopharyngeal carcinoma
MONDO_0015461,short rib-polydactyly syndrome
MONDO_0015469,craniosynostosis
MONDO_0015486,keratoconus
MONDO_0015517,common variable immunodeficiency
MONDO_0015626,Charcot-Marie-Tooth disease
MONDO_0015667,acute myeloid leukemia by FAB classification
MONDO_0015780,dyskeratosis congenita
MONDO_0015884,autosomal dominant hypohidrotic ectodermal dysplasia
MONDO_0015909,aplastic anemia
MONDO_0015993,cone-rod dystrophy
MONDO_0015998,isolated ectopia lentis
MONDO_0016002,"Ehlers-Danlos syndrome, kyphoscoliotic type 1"
MONDO_0016107,myotonic dystrophy
MONDO_0016168,cryopyrin-associated periodic syndrome
MONDO_0016296,holoprosencephaly
MONDO_0016333,familial dilated cardiomyopathy
MONDO_0016383,nephrogenic diabetes insipidus
MONDO_0016419,hereditary breast carcinoma
MONDO_0016532,Lennox-Gastaut syndrome
MONDO_0016575,primary ciliary dyskinesia
MONDO_0016586,systemic mastocytosis
MONDO_0016587,arrhythmogenic right ventricular cardiomyopathy
MONDO_0016596,hyperphosphatasia-intellectual disability syndrome
MONDO_0016660,autosomal recessive primary microcephaly
MONDO_0016683,gliomatosis cerebri
MONDO_0016691,pilocytic astrocytoma
MONDO_0016700,anaplastic ependymoma
MONDO_0017091,bilateral polymicrogyria
MONDO_0017219,microform holoprosencephaly
MONDO_0017267,self-healing collodion baby
MONDO_0017276,frontotemporal dementia
MONDO_0017287,immunoglobulin G4-related sclerosing disease
MONDO_0017304,ocular albinism
MONDO_0017324,autosomal recessive hypophosphatemic rickets
MONDO_0017596,diffuse large B-cell lymphoma of the central nervous system
MONDO_0017609,renal tubular dysgenesis
MONDO_0017778,lamellar ichthyosis
MONDO_0017853,hypersensitivity pneumonitis
MONDO_0017910,dehydrated hereditary stomatocytosis
MONDO_0017985,congenital radioulnar synostosis
MONDO_0018072,persistent truncus arteriosus
MONDO_0018075,neural tube defect
MONDO_0018076,tuberculosis
MONDO_0018088,familial Mediterranean fever
MONDO_0018097,infantile spasms
MONDO_0018101,familial primary hypomagnesemia with normocalciuria and normocalcemia
MONDO_0018177,glioblastoma
MONDO_0018240,TRPV4-related bone disorder
MONDO_0018315,X-linked osteoporosis with fractures
MONDO_0018422,autosomal recessive spastic paraplegia type 70
MONDO_0018479,congenital adrenal hyperplasia
MONDO_0018542,severe congenital neutropenia
MONDO_0018555,hypogonadotropic hypogonadism
MONDO_0018604,familial colorectal cancer type X
MONDO_0018614,undetermined early-onset epileptic encephalopathy
MONDO_0018660,hemophilia
MONDO_0018770,Jeune syndrome
MONDO_0018772,Joubert syndrome
MONDO_0018869,cobblestone lissencephaly
MONDO_0018875,Li-Fraumeni syndrome
MONDO_0018899,posterior cortical atrophy
MONDO_0018901,left ventricular noncompaction
MONDO_0018906,follicular lymphoma
MONDO_0018921,Meckel syndrome
MONDO_0018997,Noonan syndrome
MONDO_0018998,Leber congenital amaurosis
MONDO_0019005,nephronophthisis
MONDO_0019006,familial idiopathic steroid-resistant nephrotic syndrome
MONDO_0019019,osteogenesis imperfecta
MONDO_0019046,leukodystrophy
MONDO_0019064,hereditary spastic paraplegia
MONDO_0019072,intrahepatic cholestasis
MONDO_0019115,obesity due to melanocortin 4 receptor deficiency
MONDO_0019192,AKT2-related familial partial lipodystrophy
MONDO_0019200,retinitis pigmentosa
MONDO_0019202,myxofibrosarcoma
MONDO_0019269,ichthyosis
MONDO_0019278,hair anomaly
MONDO_0019280,hypertrichosis
MONDO_0019306,congenital non-bullous ichthyosiform erythroderma
MONDO_0019312,Hermansky-Pudlak syndrome
MONDO_0019342,Seckel syndrome
MONDO_0019412,dysspondyloenchondromatosis
MONDO_0019438,AL amyloidosis
MONDO_0019465,nodal marginal zone B-cell lymphoma
MONDO_0019472,extranodal nasal NK/T cell lymphoma
MONDO_0019497,nonsyndromic genetic hearing loss
MONDO_0019499,Turner syndrome
MONDO_0019508,van der Woude syndrome
MONDO_0019516,exudative vitreoretinopathy
MONDO_0019542,acute liver failure
MONDO_0019573,autosomal recessive cutis laxa type 2
MONDO_0019587,autosomal dominant nonsyndromic hearing loss
MONDO_0019588,"hearing loss, autosomal recessive"
MONDO_0019591,panhypopituitarism
MONDO_0019701,chondrodysplasia punctata
MONDO_0019719,congenital anomaly of kidney and urinary tract
MONDO_0019736,dense deposit disease
MONDO_0019878,3q26 microduplication syndrome
MONDO_0019952,congenital myopathy
MONDO_0020066,Ehlers-Danlos syndrome
MONDO_0020121,muscular dystrophy
MONDO_0020310,familial focal epilepsy with variable foci
MONDO_0020367,juvenile open angle glaucoma
MONDO_0020379,early-onset zonular cataract
MONDO_0020507,leukoencephalopathy with vanishing white matter 1
MONDO_0020546,acute graft versus host disease
MONDO_0021187,hyperlipidemia
MONDO_0021454,benign neoplasm of eye
MONDO_0021533,intestinal neuroendocrine tumor G1
MONDO_0021574,oocyte maturation defect 3
MONDO_0021661,coronary atherosclerosis
MONDO_0022113,central centrifugal cicatricial alopecia
MONDO_0022672,autosomal dominant cataract
MONDO_0023662,lymphatic malformation 10
MONDO_0024533,"pulmonary hypertension, primary, 1"
MONDO_0024573,familial hypertrophic cardiomyopathy
MONDO_0024647,urolithiasis
MONDO_0025193,oculopharyngodistal myopathy
MONDO_0026045,prurigo nodularis
MONDO_0030492,spermatogenic failure 59
MONDO_0030673,"spastic paraplegia 86, autosomal recessive"
MONDO_0030870,premature ovarian failure 17
MONDO_0030894,"AMED syndrome, digenic"
MONDO_0032609,"mitochondrial complex I deficiency, nuclear type 4"
MONDO_0032655,visual impairment and progressive phthisis bulbi
MONDO_0032753,"spastic ataxia 9, autosomal recessive"
MONDO_0032913,"congenital heart defects, multiple types, 7"
MONDO_0033549,optic atrophy 12
MONDO_0033618,Vissers-Bodmer syndrome
MONDO_0037821,porphyrin metabolism disease
MONDO_0041052,postherpetic neuralgia
MONDO_0042983,neurocutaneous syndrome
MONDO_0043797,spinal cord injury
MONDO_0043839,ulcer disease
MONDO_0044723,3-methylglutaconic aciduria type 8
MONDO_0044917,T-lymphoblastic lymphoma
MONDO_0044970,mitochondrial disease
MONDO_0054691,"immunodeficiency, common variable, 14"
MONDO_0054727,spermatogenic failure 23
MONDO_0054764,neurodegeneration with brain iron accumulation 8
MONDO_0100062,genetic developmental and epileptic encephalopathy
MONDO_0100096,COVID-19
MONDO_0100133,mitochondrial complex I deficiency
MONDO_0100172,"intellectual disability, autosomal dominant"
MONDO_0100224,"mitochondrial complex I deficiency, nuclear type 1"
MONDO_0100247,multiple congenital anomalies-hypotonia-seizures syndrome
MONDO_0100288,enhanced S-cone syndrome
MONDO_0100319,COVID-19–associated multisystem inflammatory syndrome in adults
MONDO_0100342,malignant glioma
MONDO_0100491,generalized pustular psoriasis
MONDO_0100493,autosomal recessive titinopathy
MONDO_0700066,myopathy caused by variation in FKRP
MONDO_0800025,Teebi hypertelorism syndrome 1
MONDO_0800130,autoinflammatory syndrome with immunodeficiency
MONDO_0800195,achalasia-alacrima syndrome
MONDO_0800461,COL4A1-related disorder
MONDO_0859160,"mitochondrial complex IV deficiency, nuclear type 22"
MONDO_0859182,"Short stature, Dauber-Argente type"
MONDO_0859194,Boudin-Mortier syndrome
MONDO_0859222,"heterotaxy, visceral, 12, autosomal"
MONDO_0859233,"epidermolysis bullosa, junctional 6, with pyloric atresia"
MONDO_0859252,neurodevelopmental disorder with poor growth and skeletal anomalies
MONDO_0859281,intellectual developmental disorder with autism and dysmorphic facies
MONDO_0859305,neurodevelopmental disorder with eye movement abnormalities and ataxia
MONDO_0859336,"muscular dystrophy, congenital, with or without seizures"
MONDO_0859360,"spinocerebellar ataxia, autosomal recessive 33"
MONDO_0859520,"mitochondrial complex IV deficiency, nuclear type 23"
MONDO_0859521,oocyte maturation defect 14
MONDO_0859531,"neurodevelopmental disorder with language delay and behavioral abnormalities, with or without seizures"
MONDO_0957318,"nephrolithiasis, calcium oxalate"
MONDO_0958176,oculopharyngeal muscular dystrophy 1
MONDO_0958227,polydactyly-macrocephaly syndrome
MONDO_0958324,"generalized epilepsy with febrile seizures plus, type 12"
MONDO_0971173,autoinflammation with arthritis and vasculitis
MONDO_0975877,neurodevelopmental disorder with variable familial hypercholanemia
MONDO_0976129,premature ovarian failure 26
MP_0001845,inflammation
OBA_0000061,circulating fibrinogen levels
OBA_0002272,reticulocyte amount
OBA_0003277,platelet volume
OBA_0003352,lymphocyte amount
OBA_0003460,erythrocyte volume
OBA_0003747,glomerular filtration rate
OBA_0003784,"chromosome, telomeric region length"
OBA_0004528,fat pad mass
OBA_1000032,hip circumference
OBA_1000110,bone tissue density
OBA_1000199,von Willebrand factor quality
OBA_1000840,alcohol consumption quality
OBA_1000942,alpha-fetoprotein level
OBA_1000959,chloride level
OBA_1000968,vitamin D level
OBA_1000983,Thyroid stimulating hormone level
OBA_1001005,creatine level
OBA_1001010,thyroxine level
OBA_1001011,phospholipid level
OBA_1001085,waist circumference
OBA_1001086,QRS duration
OBA_1001087,heart rate
OBA_2040171,sleep duration trait
OBA_2040179,level of phosphatidylcholine
OBA_2040180,level of phosphatidylethanolamine
OBA_2040181,level of phosphatidylinositol
OBA_2040284,level of interleukin-18 receptor 1 in blood serum
OBA_2040325,level of interleukin-1 receptor-associated kinase 4 in blood serum
OBA_2040420,level of ubiquitin-conjugating enzyme E2 D1 in blood serum
OBA_2040564,"level of succinate-semialdehyde dehydrogenase, mitochondrial in blood serum"
OBA_2040579,level of protein AMBP in blood serum
OBA_2040682,level of actin-related protein 2/3 complex subunit 3 in blood serum
OBA_2041211,level of NADH-cytochrome b5 reductase 2 in blood serum
OBA_2041446,level of eukaryotic translation initiation factor 3 subunit B in blood serum
OBA_2041447,level of eukaryotic translation initiation factor 3 subunit G in blood serum
OBA_2041559,level of F-box only protein 48 in blood serum
OBA_2041572,level of protein FEV in blood serum
OBA_2041578,level of fibroblast growth factor receptor-like 1 in blood serum
OBA_2041644,level of Ras GTPase-activating protein-binding protein 1 in blood serum
OBA_2041808,level of glutathione S-transferase omega-1 in blood serum
OBA_2041840,level of hemoglobin subunit delta in blood serum
OBA_2041845,level of hematopoietic lineage cell-specific protein in blood serum
OBA_2041919,level of haptoglobin in blood serum
OBA_2042103,level of killer cell immunoglobulin-like receptor 2DL1 in blood serum
OBA_2042183,level of low density lipoprotein receptor adapter protein 1 in blood serum
OBA_2042367,level of MICAL-like protein 2 in blood serum
OBA_2042538,level of protein NDRG4 in blood serum
OBA_2042861,level of 6-phosphogluconolactonase in blood serum
OBA_2043450,level of septin-5 in blood serum
OBA_2044228,level of cathelicidin antimicrobial peptide in blood serum
OBA_2044852,level of UPF0235 protein C15orf40 in blood serum
OBA_2044912,level of uncharacterized protein C12orf76 (human) in blood serum
OBA_2045096,level of Phosphatidylcholine (18:0_22:5) in blood serum
OBA_2045106,level of Phosphatidylcholine (18:2_18:2) in blood serum
OBA_2045206,level of serum globulin type protein
OBA_2045210,brain attribute
OBA_2045223,myeloid leukocyte count
OBA_2045224,visceral adipose tissue quantity
OBA_2045231,height growth attribute
OBA_2045260,red blood cell density
OBA_2045267,cerebral cortex area attribute
OBA_2045276,erythrocyte attribute
OBA_2045295,brain connectivity attribute
OBA_2045344,C-C motif chemokine 15 level
OBA_2050009,brain volume
OBA_2050020,nucleus accumbens volume
OBA_2050033,liver volume
OBA_2050062,serum alanine aminotransferase amount
OBA_2050065,serum urea amount
OBA_2050068,serum albumin amount
OBA_2050078,blood metabolite level
OBA_2050092,serum metabolite level
OBA_2050094,blood sodium bicarbonate amount
OBA_2050096,serum creatinine amount
OBA_2050113,LDL particle size
OBA_2050114,VLDL particle size
OBA_2050115,HDL particle size
OBA_2050116,smoking behavior trait
OBA_2050131,vascular endothelial growth factor A level
OBA_2050135,growth differentiation factor 15  level
OBA_2050154,fibroblast growth factor 2  level
OBA_2050200,prostate specific antigen amount
OBA_2050296,chylomicron amount
OBA_2050338,level of oxylipin in blood plasma
OBA_VT0000188,blood glucose amount
OBA_VT0000217,leukocyte quantity
OBA_VT0001253,body height
OBA_VT0002095,skin pigmentation
OBA_VT0002233,nose morphology trait
OBA_VT0003179,platelet quantity
OBA_VT0004257,placenta mass
OBA_VT0005144,blood VLDL cholesterol amount
OBA_VT0005265,blood urea nitrogen amount
OBA_VT0005416,blood protein amount
OBA_VT0006216,optic disc size trait
OBA_VT0010046,fatty acid amount
OBA_VT0010482,body fat mass
OBA_VT0015058,brain physiology trait
Orphanet_100985,Autosomal dominant spastic paraplegia type 4
Orphanet_101063,Situs inversus totalis
Orphanet_102014,Autosomal dominant limb-girdle muscular dystrophy
Orphanet_124,Blackfan-Diamond anemia
Orphanet_135,CACH syndrome
Orphanet_137667,Capillary malformation - arteriovenous malformation
Orphanet_139450,Microtia - eye coloboma - imperforation of the nasolacrimal duct
Orphanet_140162,Inherited cancer-predisposing syndrome
Orphanet_140944,CLOVE syndrome
Orphanet_163649,"Spondyloepiphyseal dysplasia, Nishimura type"
Orphanet_168588,Hyperandrogenism due to cortisone reductase deficiency
Orphanet_169150,Immunodeficiency due to a late component of complements deficiency
Orphanet_183539,Genetic renal or urinary tract malformation
Orphanet_1872,Cone rod dystrophy
Orphanet_1930,Herpetic encephalitis
Orphanet_227535,Hereditary breast cancer
Orphanet_228337,CLN10 disease
Orphanet_240071,Classical progressive supranuclear palsy
Orphanet_247794,Juvenile cataract - microcornea - renal glucosuria
Orphanet_264675,Congenital pulmonary alveolar proteinosis
Orphanet_275517,Autoimmune lymphoproliferative syndrome with recurrent viral infections
Orphanet_277,Severe combined immunodeficiency due to adenosine deaminase deficiency
Orphanet_2783,Autosomal dominant osteopetrosis type 1
Orphanet_2850,Alopecia-intellectual disability syndrome
Orphanet_285014,Rare disease with thoracic aortic aneurysm and aortic dissection
Orphanet_2924,Isolated polycystic liver disease
Orphanet_300751,Familial dilated cardiomyopathy with conduction defect due to LMNA mutation
Orphanet_309005,Disorder of lipid metabolism
Orphanet_309515,Disorder of glycosphingolipid and glycosylphosphatidylinositol anchor glycosylation
Orphanet_314603,Autosomal recessive spastic ataxia with leukoencephalopathy
Orphanet_3157,Septo-optic dysplasia
Orphanet_319547,Mendelian susceptibility to mycobacterial diseases due to complete IFNgammaR2 deficiency
Orphanet_324262,Autosomal recessive congenital cerebellar ataxia due to MGLUR1 deficiency
Orphanet_352670,Autosomal dominant intermediate Charcot-Marie-Tooth disease type F
Orphanet_352675,X-linked Charcot-Marie-Tooth disease type 6
Orphanet_352709,CLN13 disease
Orphanet_35696,Mitochondrial disorder due to a defect in mitochondrial protein synthesis
Orphanet_404469,Female infertility due to fertilization defect
Orphanet_411602,Hereditary late-onset Parkinson disease
Orphanet_552,MODY
Orphanet_590,Congenital myasthenic syndromes
Orphanet_70595,Sensory ataxic neuropathy - dysarthria - ophthalmoparesis
Orphanet_733,Familial adenomatous polyposis
Orphanet_777,X-linked non-syndromic intellectual disability
Orphanet_79095,Congenital bile acid synthesis defect type 4
Orphanet_79478,Griscelli disease type 3
Orphanet_871,Familial progressive cardiac conduction defect
Orphanet_88628,Posterior column ataxia - retinitis pigmentosa
Orphanet_903,Von Willebrand disease
Orphanet_912,Zellweger syndrome
Orphanet_93592,Juvenile nephronophthisis
Orphanet_95494,"Combined pituitary hormone deficiencies, genetic forms"
Orphanet_96210,Rare genetic deafness
Orphanet_97548,Ivemark syndrome
Orphanet_988,Absent tibia - polydactyly
Orphanet_98992,Partial congenital cataract
Orphanet_98993,Posterior polar cataract
Orphanet_98994,Total congenital cataract
Orphanet_99817,Non-polyposis Turcot syndrome
